state,avg_reporting,missing_reports,total_facility_months
Enugu,0.8888888888888888,1,9
Kaduna,0.8888888888888888,1,9
Kano,0.8888888888888888,1,9
Lagos,0.8888888888888888,1,9
Rivers,0.8888888888888888,1,9
FCT,1,0,9
